<?xml version="1.0" encoding="UTF-8" standalone="yes"?>
<KeyValueMapOperations async="false" continueOnError="false" enabled="true" name="KVM-Get-GCP-Map-Values" mapIdentifier="GCP IAM">
    <DisplayName>KVM-Get-GCP-Map-Values</DisplayName>
    <Properties/>
    <ExclusiveCache>false</ExclusiveCache>
    <ExpiryTimeInSecs>300</ExpiryTimeInSecs>
    <Scope>environment</Scope>
    <Get assignTo="private.GCP.jwt_issuer">
        <Key>
            <Parameter>jwt_issuer</Parameter>
        </Key>
    </Get>
    <Get assignTo="private.GCP.private_key_PEM">
        <Key>
            <Parameter>private_key_PEM</Parameter>
        </Key>
    </Get>
</KeyValueMapOperations>