<?xml version="1.0" encoding="UTF-8" standalone="yes"?>
<PopulateCache async="false" continueOnError="false" enabled="true" name="PC-Put-GCP-Token">
    <CacheResource>GCP IAM Cache</CacheResource>
    <Scope>Application</Scope>
    <Source>GCP.access_token</Source>
    <CacheKey>
        <KeyFragment>GCP.token</KeyFragment>
    </CacheKey>
    <ExpirySettings>
        <TimeoutInSec ref="GCP.expires_in">3540</TimeoutInSec>
        <!-- 3540 = 3600-60 = default ttl -->
    </ExpirySettings>
</PopulateCache>