<?xml version="1.0" encoding="UTF-8" standalone="yes"?>
<ServiceCallout async="false" continueOnError="false" enabled="true" name="SC-Obtain-GCP-Access-Token">
    <DisplayName>SC-Obtain-GCP-Access-Token</DisplayName>
    <Properties/>
    <Request>
        <Set>
            <Headers>
                <Header name="content-type">application/x-www-form-urlencoded</Header>
            </Headers>
            <FormParams>
                <FormParam name="grant_type">urn:ietf:params:oauth:grant-type:jwt-bearer</FormParam>
                <FormParam name="assertion">{gcp_jwt}</FormParam>
            </FormParams>
            <Verb>POST</Verb>
        </Set>
    </Request>
    <Response>tokenResponse</Response>
    <HTTPTargetConnection>
        <Properties>
            <Property name="success.codes">2xx, 3xx</Property>
        </Properties>
        <URL>https://oauth2.googleapis.com/token</URL>
    </HTTPTargetConnection>
</ServiceCallout>