<?xml version="1.0" encoding="UTF-8" standalone="yes"?>
<SharedFlowBundle revision="3" name="GCP-Auth">
    <ConfigurationVersion majorVersion="4" minorVersion="0"/>
    <CreatedAt>1568584964657</CreatedAt>
    <CreatedBy>vishalapatel@google.com</CreatedBy>
    <Description>A shared flow to mint a JWT token from GCP to pass in with requests to GCP services.</Description>
    <DisplayName>GCP-Auth</DisplayName>
    <LastModifiedAt>1568731618581</LastModifiedAt>
    <LastModifiedBy>vishalapatel@google.com</LastModifiedBy>
    <ManifestVersion>SHA-512:ddacc50a88d2310f06d2adefe934f5d7f9de608d104689a8565d6642f475d6d942dabe54d1d66be4bf09e2d5e174bae28594d0d0898b23086fc73cc93ceb9c5f</ManifestVersion>
    <Policies>
        <Policy>AM-Set-Auth-Header</Policy>
        <Policy>AM-Set-Token</Policy>
        <Policy>EV-GCP-AccessToken</Policy>
        <Policy>GJ-Generate-JWT</Policy>
        <Policy>KVM-Get-GCP-Map-Values</Policy>
        <Policy>LC-Get-GCP-Token</Policy>
        <Policy>PC-Put-GCP-Token</Policy>
        <Policy>RF-No-Access-Token</Policy>
        <Policy>SC-Obtain-GCP-Access-Token</Policy>
    </Policies>
    <Resources/>
    <Spec></Spec>
    <subType>SharedFlow</subType>
    <SharedFlows>
        <SharedFlow>default</SharedFlow>
    </SharedFlows>
</SharedFlowBundle>
