<?xml version="1.0" encoding="UTF-8" standalone="yes"?>
<GenerateJWT async="false" continueOnError="false" enabled="true" name="GJ-Generate-JWT">
    <DisplayName>GJ-Generate-JWT</DisplayName>
    <Algorithm>RS256</Algorithm>
    <PrivateKey>
        <Value ref="private.GCP.private_key_PEM"/>
    </PrivateKey>
    <Issuer ref="private.GCP.jwt_issuer"/>
    <Audience>https://oauth2.googleapis.com/token</Audience>
    <ExpiresIn>30m</ExpiresIn>
    <AdditionalClaims>
        <!-- Add additional auth audience claims here... -->
        <!--<Claim name="scope" type="string">https://www.googleapis.com/auth/iam</Claim>-->
        <Claim name="target_audience" type="string" ref="private.GCP.iap.client_id"/>
    </AdditionalClaims>
    <OutputVariable>gcp_jwt</OutputVariable>
</GenerateJWT>