<?xml version="1.0" encoding="UTF-8" standalone="yes"?>
<RaiseFault async="false" continueOnError="false" enabled="true" name="RF-No-Access-Token">
    <DisplayName>RF-No-Access-Token</DisplayName>
    <IgnoreUnresolvedVariables>true</IgnoreUnresolvedVariables>
    <FaultResponse>
        <Set>
            <Payload contentType="application/json">{
              "error" : {
                "code" : 500,
                "message" : "No Access Token."
              }
            }</Payload>
            <StatusCode>500</StatusCode>
            <ReasonPhrase>Server Error</ReasonPhrase>
        </Set>
    </FaultResponse>
</RaiseFault>