<?xml version="1.0" encoding="UTF-8" standalone="yes"?>
<SharedFlowBundle revision="2" name="GCP-Auth">
    <ConfigurationVersion majorVersion="4" minorVersion="0"/>
    <CreatedAt>1568584964657</CreatedAt>
    <CreatedBy>vishalapatel@google.com</CreatedBy>
    <Description>A shared flow to mint a JWT token from GCP to pass in with requests to GCP services.</Description>
    <DisplayName>GCP-Auth</DisplayName>
    <LastModifiedAt>1568655646654</LastModifiedAt>
    <LastModifiedBy>vishalapatel@google.com</LastModifiedBy>
    <ManifestVersion>SHA-512:26cdcceaf61b7aa454e1107716e2d22dc5da095cfb2bec1c25e09c008a43647257fedd58ad9f5544afb0d8e1d36cb2b1756058a1988b7a72f1351c17c67ed6eb</ManifestVersion>
    <Policies>
        <Policy>AM-Set-Auth-Header</Policy>
        <Policy>AM-Set-Token</Policy>
        <Policy>EV-GCP-AccessToken</Policy>
        <Policy>GJ-Generate-JWT</Policy>
        <Policy>JS-Adjust-Token-Expiry</Policy>
        <Policy>KVM-Get-GCP-Map-Values</Policy>
        <Policy>LC-Get-GCP-Token</Policy>
        <Policy>PC-Put-GCP-Token</Policy>
        <Policy>RF-No-Access-Token</Policy>
        <Policy>SC-Obtain-GCP-Access-Token</Policy>
    </Policies>
    <Resources>
        <Resource>jsc://adjustTokenExpiry.js</Resource>
    </Resources>
    <Spec></Spec>
    <subType>SharedFlow</subType>
    <SharedFlows>
        <SharedFlow>default</SharedFlow>
    </SharedFlows>
</SharedFlowBundle>
