<?xml version="1.0" encoding="UTF-8" standalone="yes"?>
<SharedFlow name="default">
    <Step>
        <Name>LC-Get-GCP-Token</Name>
    </Step>
    <Step>
        <Name>KVM-Get-GCP-Map-Values</Name>
        <Condition>GCP.token = null</Condition>
    </Step>
    <Step>
        <Name>GJ-Generate-JWT</Name>
        <Condition>GCP.token = null</Condition>
    </Step>
    <Step>
        <Name>SC-Obtain-GCP-Access-Token</Name>
        <Condition>GCP.token = null</Condition>
    </Step>
    <Step>
        <Name>EV-GCP-AccessToken</Name>
        <Condition>GCP.token = null</Condition>
    </Step>
    <Step>
        <Name>RF-No-Access-Token</Name>
        <Condition>(GCP.token = null) and (GCP.id_token = null)</Condition>
    </Step>
    <Step>
        <Name>PC-Put-GCP-Token</Name>
        <Condition>(GCP.token = null) and (GCP.id_token != null)</Condition>
    </Step>
    <Step>
        <Name>AM-Set-Token</Name>
        <Condition>GCP.token = null</Condition>
    </Step>
    <Step>
        <Name>AM-Set-Auth-Header</Name>
    </Step>
</SharedFlow>